Region,Sales,Profit,Margin
East,2065962.43,418938.41,20.27812335386951
North,2924183.55,591325.81,20.22191151441229
South,1926513.83,398270.25,20.673106198256566
West,2935238.12,593457.28,20.218369199974823
